<?xml version="1.0" encoding="utf-8" ?>
<Config version="1">
  <CheckInterval>3600</CheckInterval>
  <ParameterToolUri>https://github.com/dakolben/downloadTest/raw/main/</ParameterToolUri>
  <ParameterToolPayload>Parameter-Tool.zip</ParameterToolPayload>
  <!-- <FWMR12Uri>https://schneid.at/wp-content/uploads/2021/04/</FWMR12Uri>
  <FWMR12Payload>ug12R32.zip</FWMR12Payload>
  <FWMR08Uri>https://schneid.at/wp-content/uploads/2021/04/</FWMR08Uri>
  <FWMR08Payload>ug12R32.zip</FWMR08Payload> -->
</Config>

